[
  {
    "id": 1,
    "judul": "Akun FF Sultan Level 70",
    "slogan": "Murah Meriah",
    "deskripsi": "Akun Free Fire sultan dengan skin langka dan berbagai item eksklusif. Akun aman dan garansi 100%.",
    "spek": "Level 70\nSkin: Alok, Chrono, K\nSenjata: M4A1 - Glacial, MP40 - Blazing\nDiamond: 5000\nElite Pass Season 20",
    "harga": 1500000,
    "kategori": "Free Fire",
    "populer": true,
    "gambar": "https://drive.google.com/uc?id=1abc123def456ghi789jkl",
    "nomorPenjual": "6281234567890"
  },
  {
    "id": 2,
    "judul": "Akun MLBB Mythic Glory",
    "slogan": "Siap Rank",
    "deskripsi": "Akun Mobile Legends sudah Mythic Glory dengan 100+ skin hero dan banyak emblem level 60.",
    "spek": "Rank: Mythic Glory\nSkin: 120+ skin\nHero: Semua hero unlocked\nEmblem: Semua level 60\nBattle Points: 50.000",
    "harga": 2500000,
    "kategori": "Mobile Legends",
    "populer": true,
    "gambar": "https://drive.google.com/uc?id=2mno345pqr678stu901vwx",
    "nomorPenjual": "6289876543210"
  },
  {
    "id": 3,
    "judul": "Akun PUBG Mobile Ace Dominator",
    "deskripsi": "Akun PUBG Mobile tier Ace Dominator dengan skin weapon dan outfit langka.",
    "spek": "Tier: Ace Dominator\nSkin: Outfit Glacier, M416 - Glacier\nUC: 5000\nK/D Ratio: 5.2",
    "harga": 1800000,
    "kategori": "PUBG Mobile",
    "populer": false,
    "gambar": "https://drive.google.com/uc?id=3yzab234cde567fgh890ijk",
    "nomorPenjual": "6281122334455"
  },
  {
    "id": 4,
    "judul": "Akun Valorant Radiant",
    "slogan": "Top Tier Account",
    "deskripsi": "Akun Valorant rank Radiant dengan semua agent unlocked dan skin premium.",
    "spek": "Rank: Radiant\nAgent: All unlocked\nSkin: Reaver Vandal, Prime Phantom\nVP: 3000",
    "harga": 3000000,
    "kategori": "Valorant",
    "populer": true,
    "gambar": "https://drive.google.com/uc?id=4lmn901opq234rst567uvw",
    "nomorPenjual": "6285566778899"
  },
  {
    "id": 5,
    "judul": "Akun Genshin Impact AR 55",
    "deskripsi": "Akun Genshin Impact Adventure Rank 55 dengan 5 karakter bintang 5 dan weapon.",
    "spek": "AR: 55\n5* Character: Zhongli, Ganyu, Hu Tao\n5* Weapon: Staff of Homa, Amos Bow\nPrimogem: 5000",
    "harga": 2000000,
    "kategori": "Lainnya",
    "populer": false,
    "gambar": "https://drive.google.com/uc?id=5def678ghi901jkl234mno",
    "nomorPenjual": "6287654321098"
  },
  {
    "id": 6,
    "judul": "Akun FF VIP 10",
    "deskripsi": "Akun Free Fire VIP 10 dengan banyak diamond dan skin eksklusif.",
    "spek": "VIP Level: 10\nDiamond: 10.000\nSkin: Winterlands, Wukong\nSenjata: AK47 - Angry Beast",
    "harga": 1200000,
    "kategori": "Free Fire",
    "populer": false,
    "gambar": "https://drive.google.com/uc?id=6pqr789stu012vwx345yza",
    "nomorPenjual": "6281234567890"
  },
  {
    "id": 7,
    "judul": "Akun MLBB 300 Skin",
    "slogan": "Koleksi Lengkap",
    "deskripsi": "Akun Mobile Legends dengan koleksi skin hampir lengkap dan banyak hero mastered.",
    "spek": "Skin: 300+\nHero: 100+ mastered\nEmblem: Max level\nBattle Points: 100.000",
    "harga": 3500000,
    "kategori": "Mobile Legends",
    "populer": true,
    "gambar": "https://drive.google.com/uc?id=7bcd234efg567hij890klm",
    "nomorPenjual": "6289876543210"
  },
  {
    "id": 8,
    "judul": "Akun PUBG Mobile UC 10K",
    "deskripsi": "Akun PUBG Mobile dengan UC 10.000 dan beberapa skin premium.",
    "spek": "UC: 10.000\nSkin: Outfit Galactic, M416 - Galaxy\nTier: Platinum",
    "harga": 800000,
    "kategori": "PUBG Mobile",
    "populer": false,
    "gambar": "https://drive.google.com/uc?id=8nop456qrs789tuv012wxy",
    "nomorPenjual": "6281122334455"
  },
  {
    "id": 9,
    "judul": "Akun Valorant Immortal 3",
    "deskripsi": "Akun Valorant rank Immortal 3 dengan skin bundle premium.",
    "spek": "Rank: Immortal 3\nSkin Bundle: Reaver, Prime, Glitchpop\nVP: 5000",
    "harga": 2200000,
    "kategori": "Valorant",
    "populer": false,
    "gambar": "https://drive.google.com/uc?id=9zab123cde456fgh789ijk",
    "nomorPenjual": "6285566778899"
  },
  {
    "id": 10,
    "judul": "Akun CODM Legendary",
    "deskripsi": "Akun Call of Duty Mobile rank Legendary dengan skin weapon mythic.",
    "spek": "Rank: Legendary\nSkin: AK47 - Wrath Black Gold\nCP: 2000\nBattle Pass: Season 10",
    "harga": 1500000,
    "kategori": "Lainnya",
    "populer": false,
    "gambar": "https://drive.google.com/uc?id=0lmn234opq567rst890uvw",
    "nomorPenjual": "6287654321098"
  },
  {
    "id": 11,
    "judul": "Akun FF Elite Pass Season 25",
    "deskripsi": "Akun Free Fire dengan Elite Pass Season 25 dan banyak diamond.",
    "spek": "Elite Pass: Season 25\nDiamond: 8000\nSkin: Elite Pass Exclusive\nLevel: 50",
    "harga": 900000,
    "kategori": "Free Fire",
    "populer": false,
    "gambar": "https://drive.google.com/uc?id=1def345ghi678jkl901mno",
    "nomorPenjual": "6281234567890"
  }
]